{"cameraMode":{"drawMode":0,"name":"Shaded","section":"Shading Mode"},"sceneLighting":true,"audioPlay":false,"sceneViewState":{"showFog":true,"showMaterialUpdate":false,"showSkybox":true,"showFlares":true,"showImageEffects":true,"showParticleSystems":true},"in2DMode":false,"pivot":{"x":4.018126487731934,"y":-0.9001882672309876,"z":-44.39642333984375},"rotation":{"x":-0.0027395717334002258,"y":-0.9965552687644959,"z":0.07427978515625,"w":-0.03709379583597183},"size":73.5676040649414,"orthographic":false}