{"cameraMode":{"drawMode":0,"name":"Shaded","section":"Shading Mode"},"sceneLighting":true,"audioPlay":false,"sceneViewState":{"showFog":true,"showMaterialUpdate":false,"showSkybox":true,"showFlares":true,"showImageEffects":true,"showParticleSystems":true},"in2DMode":false,"pivot":{"x":-0.12207302451133728,"y":1.8941094875335694,"z":-0.15392658114433289},"rotation":{"x":0.04266591742634773,"y":-0.9528005719184876,"z":0.15953266620635987,"w":0.25478842854499819},"size":12.354997634887696,"orthographic":false}