{"cameraMode":{"drawMode":0,"name":"Shaded","section":"Shading Mode"},"sceneLighting":false,"audioPlay":false,"sceneViewState":{"showFog":true,"showMaterialUpdate":false,"showSkybox":false,"showFlares":true,"showImageEffects":true,"showParticleSystems":true},"in2DMode":false,"pivot":{"x":1.164217233657837,"y":3.919494390487671,"z":-5.022111892700195},"rotation":{"x":0.0959680825471878,"y":-0.8979549407958984,"z":0.24359039962291718,"w":0.35376662015914919},"size":16.843263626098634,"orthographic":false}