{"cameraMode":{"drawMode":0,"name":"Shaded","section":"Shading Mode"},"sceneLighting":true,"audioPlay":false,"sceneViewState":{"showFog":true,"showMaterialUpdate":false,"showSkybox":true,"showFlares":true,"showImageEffects":true,"showParticleSystems":true},"in2DMode":false,"pivot":{"x":0.02499469183385372,"y":2.2931056022644045,"z":7.351363658905029},"rotation":{"x":0.16438350081443788,"y":-0.6923750638961792,"z":0.16682298481464387,"w":0.6825072765350342},"size":3.9162309169769289,"orthographic":false}