{"cameraMode":{"drawMode":0,"name":"Shaded","section":"Shading Mode"},"sceneLighting":true,"audioPlay":false,"sceneViewState":{"showFog":true,"showMaterialUpdate":false,"showSkybox":true,"showFlares":true,"showImageEffects":true,"showParticleSystems":true},"in2DMode":false,"pivot":{"x":0.07798399776220322,"y":-0.9109897017478943,"z":-25.375228881835939},"rotation":{"x":0.00041876299655996263,"y":0.9930682182312012,"z":-0.11762581765651703,"w":0.0035859078634530308},"size":31.645883560180665,"orthographic":false}